id, author, day, month, year, title, content
1000001,Input,29,3,1997,Wesh wesh,TestTestTestTestTestTesstTes
1000002,TestTest,28,3,2020,title,TestTest
1000003,TestTest,28,3,2020,TeTestTestTestTestTest,TestTest
1000004,Santeau,28,3,2020,ijensfinfienfinfnek,Testofndn)b<vugbhodinjvubyhcjnv<ibhdjnÃ´sivbhdcTest
1000005,Santeau,28,3,2020,nbhugVYCFD657G8YBHn,bhugVYCFD657G8YBG8YBHnbhugVYCFD657G8YBH
1000006,testpost,10,4,2020,Test pre demo,This is a test before the demo
1000007,FGHJK,12,4,2020,FGHJKJHGFD,RDTBN?ONIBUVYCTXRCTVYGBUHINJ?OK
1000008,user1,12,4,2020,user1 post,user1user1user1user1user1
1000009,TestPseudonym,18,4,2020,TestBlogDemo,Hello, this is a test for the demo
1000010,ubcsifbibsiufb,18,4,2020,This is a blog post,This is a blog post test before demo
1000011,Pseudonym,18,4,2020,Blog article nÂ°Idon'tknow,TestTestTestTestTestTestTestTestTestTestTestTestTestTest
